
USE medical_sh;

-- 1. 患者表（patients）
INSERT INTO patients (id, created_at, updated_at, user_id, medical_record_no, name, gender, birthday, id_card, phone, address, allergy_history, medical_history, family_medical_history)
VALUES
-- 患者A：张三，男，45岁，高血压病史3年，头孢过敏
('p1-uuid-001', '2022-01-15 00:00:00', '2025-01-01 00:00:00', '70133600', 'MR20240001', '张三', '男', '1970-03-16', '1101011979XXXX1234', '13800138001', '北京市朝阳区XX路', '青霉素', '高血压3年，高血压，II型糖尿病', '高血压（父亲），糖尿病（母亲）'),
-- 患者B：李四，女，32岁，无基础病史，无过敏史
('p2-uuid-002', '2022-02-08 00:00:00', '2025-01-01 00:00:00', '70133601', 'MR20240002', '李四', '女', '1980-10-15', '3101011992XXXX5678', '13900139002', '上海市浦东新区XX路', '无', '无慢性病史', '无');


-- 2. 就诊表（visits）
INSERT INTO visits (id, created_at, updated_at, patient_id, hospital, visit_type, department, visit_time, chief_complaint, present_illness, auxiliary_exam, treatment_plan, doctor_id)
VALUES
('SH20230615006', '2023-06-15 10:00:00', '2023-06-15 10:00:00', 'p1-uuid-001', '上海瑞金', '门诊', '内分泌科', '2023-06-15 10:00:00', '出差至上海，携带既往病历。服药规律，多饮症状缓解，但自测空腹血糖波动在7.5-8.5', '高血压、高脂血症（控制达标），2型糖尿病（控制不佳）', '', '肯定上海治疗方案，调整二甲双胍为缓释片 1000mg/晚，以平稳控糖', '刘医生'),
('SH20240415002', '2024-04-15 10:00:00', '2024-04-15 10:00:00', 'p1-uuid-001', '上海瑞金', '门诊', '内分泌科', '2024-04-15 10:00:00', '无特殊不适，生活作息规律', '高血压、高脂血症（控制达标），2型糖尿病（控制理想）', '', '维持现有治疗方案;复查结果显示各项指标达标，嘱其继续保持', '刘医生'), 
('SH20220208001', '2022-02-08 15:00:00', '2022-02-08 15:00:00', 'p2-uuid-002', '上海瑞金', '门诊', '内分泌科', '2022-02-08 15:00:00', '有糖尿病家族史，饮食正常，无典型“三多一少”症状', '高危，空腹血糖受损', '', '生活方式干预', '陈医生'),
('SH20220915002', '2022-09-15 15:00:00', '2022-09-15 15:00:00', 'p2-uuid-002', '上海瑞金', '门诊', '内分泌科', '2022-09-15 15:00:00', '自述初期坚持运动，但近两个月因工作繁忙有所松懈。体重较前无下降', '高危，空腹血糖受损，糖耐量异常', '', '维持生活方式干预，警告已进入“糖尿病前期”', '陈医生'),
('SH20230720003', '2023-07-20 10:00:00', '2023-07-20 10:00:00', 'p2-uuid-002', '上海瑞金', '门诊', '内分泌科', '2023-07-20 10:00:00', '服药规律，口干症状消失，但体重未降', '糖尿病前期（控制不理想），高胰岛素血症', '', '增加药量二甲双胍500mg 每日两次，明确记录“未来12个月进展为2型糖尿病的风险极高', '孙医生'),
('SH20241020004', '2024-10-20 10:00:00', '2024-10-20 10:00:00', 'p2-uuid-002', '上海瑞金', '门诊', '内分泌科', '2024-10-20 10:00:00', '控制不佳，对血糖控制情况感到焦虑', '处于2型糖尿病确诊的临界状态', '', '维持用药，要求患者进行最严格的生活方式管理', '孙医生');


-- 4. 诊断表（diagnoses）
INSERT INTO diagnoses (id, created_at, updated_at, visit_id, disease_name, is_main)
VALUES
('d1-uuid-006', '2023-06-15 10:00:00', '2023-06-15 10:00:00', 'SH20230615006', '高血压、高脂血症（控制达标），2型糖尿病（控制不佳）', 1),
('d1-uuid-007', '2024-04-15 10:00:00', '2024-04-15 10:00:00', 'SH20240415002', '原发性高血压（2级）', 1),
('d2-uuid-008', '2022-02-08 15:00:00', '2022-02-08 15:00:00', 'SH20220208001', '高危，空腹血糖受损', 1),
('d2-uuid-009', '2022-09-15 15:00:00', '2022-09-15 15:00:00', 'SH20220915002', '高危，空腹血糖受损，糖耐量异常', 1),
('d2-uuid-010', '2023-07-20 10:00:00', '2023-07-20 10:00:00', 'SH20230720003', '糖尿病前期（控制不理想），高胰岛素血症', 1),
('d2-uuid-011', '2024-10-20 10:00:00', '2024-10-20 10:00:00', 'SH20241020004', '处于2型糖尿病确诊的临界状态', 1);


-- 5. 处方表（prescriptions）
INSERT INTO prescriptions (id, created_at, updated_at, visit_id, prescribe_time, drug_type)
VALUES
('pres1-uuid-003', '2023-06-15 10:00:00', '2023-06-15 10:00:00', 'SH20230615006', '2023-06-15 10:00:00', '西药'),
('pres1-uuid-006', '2023-07-20 10:00:00', '2023-07-20 10:00:00', 'SH20230720003', '2023-07-20 10:00:00', '西药'),
('pres1-uuid-008', '2024-10-20 10:00:00', '2024-10-20 10:00:00', 'SH20241020004', '2024-10-20 10:00:00', '西药');


-- 6. 处方药品明细表（prescription_drugs）
INSERT INTO prescription_drugs (id, created_at, updated_at, prescription_id, drug_name, specification, dosage, frequency, course, total_quantity, administration, purpose)
VALUES
('pd1-uuid-006', '2023-02-20 21:00:00', '2023-02-20 21:00:00', 'pres1-uuid-003', '二甲双胍', '500mg/粒', '2粒', '每日1次', '5天', 10,  '晚上口服', '降血糖'),
('pd1-uuid-011', '2023-07-20 10:00:00', '2023-07-20 10:00:00', 'pres1-uuid-006', '二甲双胍', '500mg/粒', '1粒', '每日2次', '5天', 10,  '早晚上口服', '降血糖'),
('pd1-uuid-014', '2024-10-20 10:00:00', '2024-10-20 10:00:00', 'pres1-uuid-008', '二甲双胍', '500mg/粒', '1粒', '每日2次', '5天', 10,  '早晚上口服', '降血糖');


-- 9. 就诊检查记录表（visit_checks）
INSERT INTO visit_checks (id, created_at, updated_at, visit_id, check_type, apply_time, apply_doctor,  check_time, report_time)
VALUES
('vc2-uuid-008', '2023-06-15 10:20:00', '2023-06-15 10:20:00', 'SH20230615006', 'routine', '2023-06-15 10:20:00', '孙医生', '2023-06-15 10:20:00', '2023-06-15 10:20:00'),
('vc2-uuid-009', '2024-04-15 10:20:00', '2024-04-15 10:20:00', 'SH20240415002', 'routine', '2024-04-15 10:20:00', '陈医生', '2024-04-15 10:20:00', '2024-04-15 10:20:00'),
('vc2-uuid-010', '2022-02-08 15:20:00', '2022-02-08 15:20:00', 'SH20220208001', 'routine', '2022-02-08 15:20:00', '陈医生', '2022-02-08 15:20:00', '2022-02-08 15:20:00'),
('vc2-uuid-011', '2022-09-15 15:30:00', '2022-09-15 15:30:00', 'SH20220915002', 'routine', '2022-09-15 15:30:00', '陈医生', '2022-09-15 15:30:00', '2022-09-15 15:30:00'),
('vc2-uuid-012', '2023-07-20 10:10:00', '2023-07-20 10:10:00', 'SH20230720003', 'routine', '2023-07-20 10:10:00', '孙医生', '2023-07-20 10:10:00', '2023-07-20 10:10:00'),
('vc2-uuid-013', '2024-10-20 10:30:00', '2024-10-20 10:30:00', 'SH20241020004', 'routine', '2024-10-20 10:30:00', '孙医生', '2024-10-20 10:30:00', '2024-10-20 10:30:00');


-- 10. 常规检查子表（routine_checks）
INSERT INTO routine_checks (id, created_at, updated_at, visit_check_id, conclusion, interpreter)
VALUES
('rc2-uuid-008', '2023-06-15 10:20:00', '2023-06-15 10:20:00', 'vc2-uuid-008', '', '张化验师'),
('rc2-uuid-009', '2024-04-15 10:20:00', '2024-04-15 10:20:00', 'vc2-uuid-009', '', '张化验师'),
('rc2-uuid-010', '2022-02-08 15:20:00', '2022-02-08 15:20:00', 'vc2-uuid-010', '', '张化验师'),
('rc2-uuid-011', '2022-09-15 15:30:00', '2022-09-15 15:30:00', 'vc2-uuid-011', '', '张化验师'),
('rc2-uuid-012', '2023-07-20 10:10:00', '2023-07-20 10:10:00', 'vc2-uuid-012', '', '张化验师'),
('rc2-uuid-013', '2024-10-20 10:30:00', '2024-10-20 10:30:00', 'vc2-uuid-013', '', '张化验师');

-- 11. 常规检查指标明细表（routine_check_items）
INSERT INTO routine_check_items (id, created_at, updated_at, routine_check_id, indicator_code, indicator_name, value, reference_range, abnormal_flag)
VALUES
('rci2-uuid-068', '2023-06-15 10:20:00', '2023-06-15 10:20:00', 'rc2-uuid-008', 'FBG', '空腹血糖', '9.2 mmol/L', '3.9~6.1 mmol/L', '明显升高'),
('rci2-uuid-069', '2023-06-15 10:20:00', '2023-06-15 10:20:00', 'rc2-uuid-008', 'HbA1c', '糖化血红蛋白', '8.5 %', '4.0~6.0 %', '明显升高'),
('rci2-uuid-070', '2023-06-15 10:20:00', '2023-06-15 10:20:00', 'rc2-uuid-008', 'TC', '总胆固醇', '4.2 mmol/L', '<5.2 mmol/L', '完全达标'),
('rci2-uuid-071', '2023-06-15 10:20:00', '2023-06-15 10:20:00', 'rc2-uuid-008', 'LDL-C', '低密度脂蛋白', '1.6 mmol/L', '<2.6 mmol/L', '完全达标'),
('rci2-uuid-072', '2023-06-15 10:20:00', '2023-06-15 10:20:00', 'rc2-uuid-008', 'HDL-C', '高密度脂蛋白', '1.2 mmol/L', '男性：>1.04 mmol/L；女性：>1.16 mmol/L', '完全达标'),
('rci2-uuid-073', '2023-06-15 10:20:00', '2023-06-15 10:20:00', 'rc2-uuid-008', 'TG', '甘油三酯', '1.4 mmol/L', '<1.7 mmol/L', '完全达标'),
('rci2-uuid-074', '2023-06-15 10:20:00', '2023-06-15 10:20:00', 'rc2-uuid-008', '', '血压测量（收缩压 / 舒张压）', '126/76 mmHg', '<120/80 mmHg;正常高值：120~139/80~89 mmHg', '明显异常'),
('rci2-uuid-075', '2023-06-15 10:20:00', '2023-06-15 10:20:00', 'rc2-uuid-008', '2hPG', '餐后 2h 血糖', '13.5 mmol/L', '<7.8 mmol/L', '明显异常'),
('rci2-uuid-076', '2023-06-15 10:20:00', '2023-06-15 10:20:00', 'rc2-uuid-008', '', '尿糖', '阳性（++）', '阴性', '明显异常'),

('rci2-uuid-077', '2024-04-15 10:20:00', '2024-04-15 10:20:00', 'rc2-uuid-009', 'FBG', '空腹血糖', '5.6 mmol/L', '3.9~6.1 mmol/L', '完全正常'),
('rci2-uuid-078', '2024-04-15 10:20:00', '2024-04-15 10:20:00', 'rc2-uuid-009', 'HbA1c', '糖化血红蛋白', '5.6 %', '4.0~6.0 %', '接近严格目标'),
('rci2-uuid-079', '2024-04-15 10:20:00', '2024-04-15 10:20:00', 'rc2-uuid-009', 'TC', '总胆固醇', '4.1 mmol/L', '<5.2 mmol/L', '完全达标'),
('rci2-uuid-080', '2024-04-15 10:20:00', '2024-04-15 10:20:00', 'rc2-uuid-009', 'LDL-C', '低密度脂蛋白', '4.1 mmol/L', '<2.6 mmol/L', '完全达标'),
('rci2-uuid-081', '2024-04-15 10:20:00', '2024-04-15 10:20:00', 'rc2-uuid-009', 'HDL-C', '高密度脂蛋白', '1.3 mmol/L', '男性：>1.04 mmol/L；女性：>1.16 mmol/L', '完全达标'),
('rci2-uuid-082', '2024-04-15 10:20:00', '2024-04-15 10:20:00', 'rc2-uuid-009', 'TG', '甘油三酯', '1.3 mmol/L', '<1.7 mmol/L', ''),
('rci2-uuid-083', '2024-04-15 10:20:00', '2024-04-15 10:20:00', 'rc2-uuid-009', '', '血压测量（收缩压 / 舒张压）', '122/74 mmHg', '<120/80 mmHg;正常高值：120~139/80~89 mmHg', '完全达标'),
('rci2-uuid-084', '2024-04-15 10:20:00', '2024-04-15 10:20:00', 'rc2-uuid-009', '2hPG', '餐后 2h 血糖', '7.5 mmol/L', '<7.8 mmol/L', '完全正常'),
('rci2-uuid-085', '2024-04-15 10:20:00', '2024-04-15 10:20:00', 'rc2-uuid-009', '', '尿糖', '阴性（-）', '阴性', '完全正常'),

('rci2-uuid-086', '2022-02-08 15:20:00', '2022-02-08 15:20:00', 'rc2-uuid-010', 'FBG', '空腹血糖', '6.8 mmol/L', '3.9~6.1 mmol/L', '空腹血糖受损'),
('rci2-uuid-087', '2022-02-08 15:20:00', '2022-02-08 15:20:00', 'rc2-uuid-010', 'HbA1c', '糖化血红蛋白', '6.7 %', '4.0~6.0 %', '轻度升高'),
('rci2-uuid-088', '2022-02-08 15:20:00', '2022-02-08 15:20:00', 'rc2-uuid-010', 'TC', '总胆固醇', '4.3 mmol/L', '<5.2 mmol/L', '全达标'),
('rci2-uuid-089', '2022-02-08 15:20:00', '2022-02-08 15:20:00', 'rc2-uuid-010', 'LDL-C', '低密度脂蛋白', '1.6 mmol/L', '<2.6 mmol/L', '完全达标'),
('rci2-uuid-090', '2022-02-08 15:20:00', '2022-02-08 15:20:00', 'rc2-uuid-010', 'HDL-C', '高密度脂蛋白', '1.2 mmol/L', '男性：>1.04 mmol/L；女性：>1.16 mmol/L', '完全达标'),
('rci2-uuid-091', '2022-02-08 15:20:00', '2022-02-08 15:20:00', 'rc2-uuid-010', 'TG', '甘油三酯', '1.4 mmol/L', '<1.7 mmol/L', '完全达标'),
('rci2-uuid-092', '2022-02-08 15:20:00', '2022-02-08 15:20:00', 'rc2-uuid-010', '', '血压测量（收缩压 / 舒张压）', '125/75 mmHg', '<120/80 mmHg;正常高值：120~139/80~89 mmHg', '完全达标'),
('rci2-uuid-093', '2022-02-08 15:20:00', '2022-02-08 15:20:00', 'rc2-uuid-010', '2hPG', '餐后 2h 血糖', '8.9 mmol/L', '<7.8 mmol/L', '糖耐量异常'),
('rci2-uuid-094', '2022-02-08 15:20:00', '2022-02-08 15:20:00', 'rc2-uuid-010', '', '尿糖', '弱阳性（±）', '阴性', '轻微异常'),

('rci2-uuid-095', '2022-09-15 15:30:00', '2022-09-15 15:30:00', 'rc2-uuid-011', 'FBG', '空腹血糖', '6.7 mmol/L', '3.9~6.1 mmol/L', '空腹血糖受损'),
('rci2-uuid-096', '2022-09-15 15:30:00', '2022-09-15 15:30:00', 'rc2-uuid-011', 'HbA1c', '糖化血红蛋白', '6.6 %', '4.0~6.0 %', '轻度升高'),
('rci2-uuid-097', '2022-09-15 15:30:00', '2022-09-15 15:30:00', 'rc2-uuid-011', 'TC', '总胆固醇', '4.2 mmol/L', '<5.2 mmol/L', '完全达标'),
('rci2-uuid-098', '2022-09-15 15:30:00', '2022-09-15 15:30:00', 'rc2-uuid-011', 'LDL-C', '低密度脂蛋白', '1.5 mmol/L', '<2.6 mmol/L', '完全达标'),
('rci2-uuid-099', '2022-09-15 15:30:00', '2022-09-15 15:30:00', 'rc2-uuid-011', 'HDL-C', '高密度脂蛋白', '1.2 mmol/L', '男性：>1.04 mmol/L；女性：>1.16 mmol/L', '完全达标'),
('rci2-uuid-100', '2022-09-15 15:30:00', '2022-09-15 15:30:00', 'rc2-uuid-011', 'TG', '甘油三酯', '1.4 mmol/L', '<1.7 mmol/L', '完全达标'),
('rci2-uuid-101', '2022-09-15 15:30:00', '2022-09-15 15:30:00', 'rc2-uuid-011', '', '血压测量（收缩压 / 舒张压）', '124/74 mmHg', '<120/80 mmHg;正常高值：120~139/80~89 mmHg', '完全达标'),
('rci2-uuid-102', '2022-09-15 15:30:00', '2022-09-15 15:30:00', 'rc2-uuid-011', '2hPG', '餐后 2h 血糖', '9.8 mmol/L', '<7.8 mmol/L', '糖耐量异常'),
('rci2-uuid-103', '2022-09-15 15:30:00', '2022-09-15 15:30:00', 'rc2-uuid-011', '', '尿糖', '阳性（+）', '阴性', '轻度异常'),

('rci2-uuid-104', '2023-07-20 10:10:00', '2023-07-20 10:10:00', 'rc2-uuid-012', 'FBG', '空腹血糖', '6.8 mmol/L', '3.9~6.1 mmol/L', '糖耐量异常'),
('rci2-uuid-105', '2023-07-20 10:10:00', '2023-07-20 10:10:00', 'rc2-uuid-012', 'HbA1c', '糖化血红蛋白', '6.7 %', '4.0~6.0 %', '轻度升高'),
('rci2-uuid-106', '2023-07-20 10:10:00', '2023-07-20 10:10:00', 'rc2-uuid-012', 'TC', '总胆固醇', '5.7 mmol/L', '<5.2 mmol/L', '边缘升高'),
('rci2-uuid-107', '2023-07-20 10:10:00', '2023-07-20 10:10:00', 'rc2-uuid-012', 'LDL-C', '低密度脂蛋白', '3.4 mmol/L', '<2.6 mmol/L', '升高'),
('rci2-uuid-108', '2023-07-20 10:10:00', '2023-07-20 10:10:00', 'rc2-uuid-012', 'HDL-C', '高密度脂蛋白', '1.05 mmol/L', '男性：>1.04 mmol/L；女性：>1.16 mmol/L', '降低'),
('rci2-uuid-109', '2023-07-20 10:10:00', '2023-07-20 10:10:00', 'rc2-uuid-012', 'TG', '甘油三酯', '2.0 mmol/L', '<1.7 mmol/L', '边缘升高'),
('rci2-uuid-110', '2023-07-20 10:10:00', '2023-07-20 10:10:00', 'rc2-uuid-012', '', '血压测量（收缩压 / 舒张压）', '134/84 mmHg', '<120/80 mmHg;正常高值：120~139/80~89 mmHg', '正常高值'),
('rci2-uuid-111', '2023-07-20 10:10:00', '2023-07-20 10:10:00', 'rc2-uuid-012', '2hPG', '餐后 2h 血糖', '10.5 mmol/L', '<7.8 mmol/L', '糖耐量异常'),
('rci2-uuid-112', '2023-07-20 10:10:00', '2023-07-20 10:10:00', 'rc2-uuid-012', '', '尿糖', '弱阳性（±）', '阴性', '轻微异常'),

('rci2-uuid-113', '2024-10-20 10:30:00', '2024-10-20 10:30:00', 'rc2-uuid-013', 'FBG', '空腹血糖', ' mmol/L mmol/L', '3.9~6.1 mmol/L', '糖耐量异常'),
('rci2-uuid-114', '2024-10-20 10:30:00', '2024-10-20 10:30:00', 'rc2-uuid-013', 'HbA1c', '糖化血红蛋白', '6.4 %', '4.0~6.0 %', '糖尿病前期'),
('rci2-uuid-115', '2024-10-20 10:30:00', '2024-10-20 10:30:00', 'rc2-uuid-013', 'TC', '总胆固醇', '5.9 mmol/L', '<5.2 mmol/L', '边缘升高'),
('rci2-uuid-116', '2024-10-20 10:30:00', '2024-10-20 10:30:00', 'rc2-uuid-013', 'LDL-C', '低密度脂蛋白', '3.5 mmol/L', '<2.6 mmol/L', '升高'),
('rci2-uuid-117', '2024-10-20 10:30:00', '2024-10-20 10:30:00', 'rc2-uuid-013', 'HDL-C', '高密度脂蛋白', '1.02 mmol/L', '男性：>1.04 mmol/L；女性：>1.16 mmol/L', '降低'),
('rci2-uuid-118', '2024-10-20 10:30:00', '2024-10-20 10:30:00', 'rc2-uuid-013', 'TG', '甘油三酯', '2.2 mmol/L', '<1.7 mmol/L', '边缘升高'),
('rci2-uuid-119', '2024-10-20 10:30:00', '2024-10-20 10:30:00', 'rc2-uuid-013', '', '血压测量（收缩压 / 舒张压）', '138/88 mmHg', '<120/80 mmHg;正常高值：120~139/80~89 mmHg', '正常高值'),
('rci2-uuid-120', '2024-10-20 10:30:00', '2024-10-20 10:30:00', 'rc2-uuid-013', '2hPG', '餐后 2h 血糖', '11.0 mmol/L', '<7.8 mmol/L', '糖耐量异常'),
('rci2-uuid-121', '2024-10-20 10:30:00', '2024-10-20 10:30:00', 'rc2-uuid-013', '', '尿糖', '阳性（+）', '阴性', '轻度异常'),
('rci2-uuid-122', '2024-10-20 10:30:00', '2024-10-20 10:30:00', 'rc2-uuid-013', 'RPG', '随机血糖', '12.8 mmol/L', '<11.1 mmol/L', '糖尿病疑似'),
('rci2-uuid-123', '2024-10-20 10:30:00', '2024-10-20 10:30:00', 'rc2-uuid-013', 'HOMA-IR', '胰岛素抵抗指数', '4.2', '<2.6', '严重胰岛素抵抗');
