-- 1. 患者表（patients）
USE medical_bj;

-- 1. 患者表（patients）
INSERT INTO patients (id, created_at, updated_at, user_id, medical_record_no, name, gender, birthday, id_card, phone, address, allergy_history, medical_history, family_medical_history)
VALUES
-- 患者A：张三，男，45岁，高血压病史3年，头孢过敏
('p1-uuid-001', '2022-01-15 00:00:00', '2025-01-01 00:00:00', '70133600', 'MR20240001', '张三', '男', '1970-03-16', '1101011979XXXX1234', '13800138001', '北京市朝阳区XX路', '青霉素', '高血压3年，高血压，II型糖尿病', '高血压（父亲），糖尿病（母亲）'),
-- 患者B：李四，女，32岁，无基础病史，无过敏史
('p2-uuid-002', '2022-02-08 00:00:00', '2025-01-01 00:00:00', '70133601', 'MR20240002', '李四', '女', '1980-10-15', '3101011992XXXX5678', '13900139002', '上海市浦东新区XX路', '无', '无慢性病史', '无');


-- 2. 就诊表（visits）
INSERT INTO visits (id, created_at, updated_at, patient_id, hospital, visit_type, department, visit_time, chief_complaint, present_illness, auxiliary_exam, treatment_plan, doctor_id)
VALUES
('BJ20220115001', '2022-01-15 09:00:00', '2022-01-15 09:00:00', 'p1-uuid-001', '北京协和', '门诊', '心血管内科', '2022-01-15 09:00:00', '例行体检，自觉偶有头晕、颈部僵硬，饮食油腻，缺乏运动', '原发性高血压(1级)，高脂血症', '', '生活方式干预（低盐低脂饮食、每周运动', '王医生'),                                                                                                          
('BJ20220720003', '2022-07-20 14:00:00', '2022-07-20 14:00:00', 'p1-uuid-001', '北京协和', '门诊', '心血管内科',  '2022-07-20 14:00:00', '自述生活方式改善困难，体重增加', '高血压、高脂血症（控制不佳）', '', '开始药物治疗：1， 厄贝沙坦片 150mg/日； 2， 阿托伐他汀钙片 20mg/晚', '李医生'),                                                                                                            
('BJ20230220010', '2023-02-20 21:00:00', '2023-02-20 21:00:00', 'p1-uuid-001', '北京协和', '门诊', '内分泌科',  '2023-02-20 21:00:00', '规律服药但时有漏服，近期出现口干、多饮、夜尿增多', '高血压、高脂血症（控制尚可），2型糖尿病', '', '维持原降压降脂方案，加用降糖药二甲双胍500mg 每日两次', '张医生'),
('BJ20231012004', '2023-10-12 21:00:00', '2023-10-12 21:00:00', 'p1-uuid-001', '北京协和', '门诊', '内分泌科',  '2023-10-12 21:00:00', '服用缓释片后胃肠不适减轻，血糖较前平稳', '高血压、高脂血症（控制达标），2型糖尿病（控制尚可）', '', '维持现有方案（厄贝沙坦、阿托伐他汀、二甲双胍缓释片）建议每年进行一次糖尿病并发症筛查', '张医生'),
('BJ20250310005', '2025-03-10 21:00:00', '2025-03-10 21:00:00', 'p1-uuid-001', '北京协和', '门诊', '内分泌科',  '2025-03-10 21:00:00', '状态稳定，无并发症迹象', '高血压、高脂血症（控制达标），2型糖尿病（控制理想）', '', '继续当前治疗方案;完成年度并发症筛查（眼底、尿微量白蛋白、神经传导等），结果均正常', '张医生'),
('BJ20230112001', '2023-01-12 10:00:00', '2023-01-12 10:00:00', 'p2-uuid-002', '北京协和', '门诊', '内分泌科', '2023-01-12 10:00:00',  '自述工作压力大，运动难以保证，偶有口干感', '糖尿病前期，代谢综合征（具备中心性肥胖、高血压前期、血脂异常）', '', '开始药物治疗：二甲双胍500mg 每日一次', '赵医生'),
('BJ20240318002', '2024-03-18 10:00:00', '2024-03-18 10:00:00', 'p2-uuid-002', '北京协和', '门诊', '内分泌科', '2024-03-18 10:00:00', '自测血糖偶有超标，服药规律', '糖尿病前期（血糖临界）', '', '维持现有方案，加强监测，讨论预备方案', '赵医生');



-- 4. 诊断表（diagnoses）
INSERT INTO diagnoses (id, created_at, updated_at, visit_id, disease_name, is_main)
VALUES
('d1-uuid-001', '2022-01-15 09:00:00', '2022-01-15 09:00:00', 'BJ20220115001',  '生活方式干预（低盐低脂饮食、每周运动', 1),
('d1-uuid-002', '2022-07-20 14:00:00', '2022-07-20 14:00:00', 'BJ20220720003', '高血压、高脂血症（控制不佳）', 1),
('d1-uuid-003', '2023-02-20 21:00:00', '2023-02-20 21:00:00', 'BJ20230220010', '高血压、高脂血症（控制尚可），2型糖尿病', 1),
('d1-uuid-004', '2023-10-12 21:00:00', '2023-10-12 21:00:00', 'BJ20231012004', '高血压、高脂血症（控制达标），2型糖尿病（控制尚可）', 1),
('d1-uuid-005', '2025-03-10 21:00:00', '2025-03-10 21:00:00', 'BJ20250310005', '高血压、高脂血症（控制达标），2型糖尿病（控制理想）', 1),
('d2-uuid-001', '2023-01-12 10:00:00', '2023-01-12 10:00:00', 'BJ20230112001','糖尿病前期，代谢综合征（具备中心性肥胖、高血压前期、血脂异常）', 1),
('d2-uuid-002', '2024-03-18 10:00:00', '2024-03-18 10:00:00', 'BJ20240318002', '糖尿病前期（血糖临界）', 1);


-- 5. 处方表（prescriptions）
INSERT INTO prescriptions (id, created_at, updated_at, visit_id, prescribe_time, drug_type)
VALUES
('pres1-uuid-001', '2022-07-20 14:00:00', '2022-07-20 14:00:00', 'BJ20220720003', '2022-07-20 14:00:00', '西药'),
('pres1-uuid-002', '2023-02-20 21:00:00', '2023-02-20 21:00:00', 'BJ20230220010', '2023-02-20 21:00:00', '西药'),
('pres1-uuid-004', '2023-10-12 21:00:00', '2023-10-12 21:00:00', 'BJ20231012004', '2023-10-12 21:00:00', '西药'),
('pres1-uuid-005', '2023-01-12 10:00:00', '2023-01-12 10:00:00', 'BJ20230112001', '2023-01-12 10:00:00', '西药'),
('pres1-uuid-007', '2024-03-18 10:00:00', '2024-03-18 10:00:00', 'BJ20240318002', '2024-03-18 10:00:00', '西药');

-- 6. 处方药品明细表（prescription_drugs）
INSERT INTO prescription_drugs (id, created_at, updated_at, prescription_id, drug_name, specification, dosage, frequency, course, total_quantity, administration, purpose)
VALUES
('pd1-uuid-001', '2022-07-20 14:00:00', '2022-07-20 14:00:00', 'pres1-uuid-001', '厄贝沙坦片', '150mg/粒', '1粒', '每日2次', '5天', 10,  '口服', ''),
('pd1-uuid-002', '2022-07-20 14:00:00', '2022-07-20 14:00:00', 'pres1-uuid-001', '阿托伐他汀钙片', '10mg/粒', '2粒', '每日1次', '5天', 10,  '晚饭后口服', ''),
('pd1-uuid-003', '2023-02-20 21:00:00', '2023-02-20 21:00:00', 'pres1-uuid-002', '厄贝沙坦片', '150mg/粒', '1粒', '每日2次', '5天', 10,  '口服', ''),
('pd1-uuid-004', '2023-02-20 21:00:00', '2023-02-20 21:00:00', 'pres1-uuid-002', '阿托伐他汀钙片', '10mg/粒', '2粒', '每日1次', '5天', 10,  '晚饭后口服', ''),
('pd1-uuid-005', '2023-10-12 21:00:00', '2023-02-20 21:00:00', 'pres1-uuid-002', '二甲双胍', '500mg/粒', '1粒', '每日1次', '5天', 10,  '晚上口服', '降血糖'),
('pd1-uuid-007', '2023-02-20 21:00:00', '2023-10-12 21:00:00', 'pres1-uuid-004', '厄贝沙坦片', '150mg/粒', '1粒', '每日2次', '5天', 10,  '口服', ''),
('pd1-uuid-008', '2023-10-12 21:00:00', '2023-10-12 21:00:00', 'pres1-uuid-004', '阿托伐他汀钙片', '10mg/粒', '2粒', '每日1次', '5天', 10,  '晚饭后口服', ''),
('pd1-uuid-009', '2023-10-12 21:00:00', '2023-10-12 21:00:00', 'pres1-uuid-004', '二甲双胍', '500mg/粒', '1粒', '每日1次', '5天', 10,  '晚上口服', '降血糖'),
('pd1-uuid-010', '2023-01-12 10:00:00', '2023-01-12 10:00:00', 'pres1-uuid-005', '二甲双胍', '500mg/粒', '1粒', '每日1次', '5天', 10,  '晚上口服', '降血糖'),
('pd1-uuid-013', '2024-03-18 10:00:00', '2024-03-18 10:00:00', 'pres1-uuid-007', '二甲双胍', '500mg/粒', '1粒', '每日2次', '5天', 10,  '早晚上口服', '降血糖');


-- 9. 就诊检查记录表（visit_checks）
INSERT INTO visit_checks (id, created_at, updated_at, visit_id, check_type, apply_time, apply_doctor,  check_time, report_time)
VALUES
('vc1-uuid-001', '2022-01-15 09:00:00', '2022-01-15 10:00:00', 'BJ20220115001', 'routine', '2022-01-15 09:40:00', '李医生', '2022-01-15 09:50:00', '2022-01-15 09:50:00'),
('vc1-uuid-002', '2022-07-20 15:00:00', '2022-07-20 15:00:00', 'BJ20220720003', 'routine', '2022-07-20 15:00:00', '赵医生', '2022-07-20 15:10:00', '2022-07-20 15:10:00'),
('vc1-uuid-003', '2023-02-20 22:00:00', '2023-02-20 22:00:00', 'BJ20230220010', 'routine', '2023-02-20 22:00:00', '王医生', '2023-02-20 22:00:00', '2023-02-20 22:00:00'),
('vc1-uuid-004', '2023-10-12 21:00:00', '2023-10-12 21:00:00', 'BJ20231012004', 'routine', '2022-01-15 09:40:00', '赵医生', '2023-10-12 21:00:00', '2023-10-12 21:00:00'),
('vc1-uuid-005', '2025-03-10 21:30:00', '2025-03-10 21:30:00', 'BJ20250310005', 'routine', '2025-03-10 21:30:00', '李医生', '2025-03-10 21:30:00', '2025-03-10 21:30:00'),
('vc1-uuid-006', '2023-01-12 10:30:00', '2023-01-12 10:30:00', 'BJ20230112001', 'routine', '2023-01-12 10:30:00', '王医生', '2023-01-12 10:30:00', '2023-01-12 10:30:00'),
('vc1-uuid-007', '2024-03-18 10:20:00', '2024-03-18 10:20:00', 'BJ20240318002', 'routine', '2024-03-18 10:20:00', '王医生', '2024-03-18 10:20:00', '2024-03-18 10:20:00');

-- 10. 常规检查子表（routine_checks）
INSERT INTO routine_checks (id, created_at, updated_at, visit_check_id, conclusion, interpreter)
VALUES
('rc1-uuid-001', '2022-01-15 09:00:00', '2022-01-15 10:00:00', 'vc1-uuid-001', '', '刘化验师'),
('rc1-uuid-002', '2022-07-20 15:00:00', '2022-07-20 15:00:00', 'vc1-uuid-002', '', '刘化验师'),
('rc1-uuid-003', '2023-02-20 22:00:00', '2023-02-20 22:00:00', 'vc1-uuid-003', '', '刘化验师'),
('rc1-uuid-004', '2023-10-12 21:00:00', '2023-10-12 21:00:00', 'vc1-uuid-004', '', '刘化验师'),
('rc1-uuid-005', '2025-03-10 21:30:00', '2025-03-10 21:30:00', 'vc1-uuid-005', '', '刘化验师'),
('rc1-uuid-006', '2023-01-12 10:30:00', '2023-01-12 10:30:00', 'vc1-uuid-006', '', '刘化验师'),
('rc1-uuid-007', '2024-03-18 10:20:00', '2024-03-18 10:20:00', 'vc1-uuid-007', '', '刘化验师');

-- 11. 常规检查指标明细表（routine_check_items）
INSERT INTO routine_check_items (id, created_at, updated_at, routine_check_id, indicator_code, indicator_name, value, reference_range, abnormal_flag)
VALUES
('rci1-uuid-001', '2022-01-15 09:00:00', '2022-01-15 10:00:00', 'rc1-uuid-001', 'FBG', '空腹血糖', '5.9 mmol/L', '3.9~6.1 mmol/L', '正常高值'),
('rci1-uuid-002', '2022-01-15 09:00:00', '2022-01-15 10:00:00', 'rc1-uuid-001', 'HbA1c', '糖化血红蛋白', '5.8%', '4.0~6.0 %', '正常'),
('rci1-uuid-003', '2022-01-15 09:00:00', '2022-01-15 10:00:00', 'rc1-uuid-001', 'TC', '总胆固醇', '6.4 mmol/L', '<5.2 mmol/L', '升高'),
('rci1-uuid-004', '2022-01-15 09:00:00', '2022-01-15 10:00:00', 'rc1-uuid-001', 'LDL-C', '低密度脂蛋白', '4.1 mmol/L', '<2.6 mmol/L', '升高'),
('rci1-uuid-005', '2022-01-15 09:00:00', '2022-01-15 10:00:00', 'rc1-uuid-001', 'HDL-C', '高密度脂蛋白', '0.95 mmol/L', '男性：>1.04 mmol/L；女性：>1.16 mmol/L', '降低'),
('rci1-uuid-006', '2022-01-15 09:00:00', '2022-01-15 10:00:00', 'rc1-uuid-001', 'TG', '甘油三酯', '2.4 mmol/L', '<1.7 mmol/L', '升高'),
('rci1-uuid-007', '2022-01-15 09:00:00', '2022-01-15 10:00:00', 'rc1-uuid-001', '', '血压测量（收缩压 / 舒张压）', '148/93 mmHg', '<120/80 mmHg;正常高值：120~139/80~89 mmHg', '1 级高血压'),
('rci1-uuid-008', '2022-01-15 09:00:00', '2022-01-15 10:00:00', 'rc1-uuid-001', '2hPG', '餐后 2h 血糖', '7.7 mmol/L', '<7.8 mmol/L', '糖耐量异常'),
('rci1-uuid-009', '2022-01-15 09:00:00', '2022-01-15 10:00:00', 'rc1-uuid-001', '', '尿糖', '阴性', '阴性', '正常'),

('rci1-uuid-010', '2022-07-20 15:00:00', '2022-07-20 15:00:00', 'rc1-uuid-002', 'FBG', '空腹血糖', '6.8 mmol/L', '3.9~6.1 mmol/L', '轻度升高'),
('rci1-uuid-011', '2022-07-20 15:00:00', '2022-07-20 15:00:00', 'rc1-uuid-002', 'HbA1c', '糖化血红蛋白', '6.5 %', '4.0~6.0 %', '轻度升高'),
('rci1-uuid-012', '2022-07-20 15:00:00', '2022-07-20 15:00:00', 'rc1-uuid-002', 'TC', '总胆固醇', '7.3 mmol/L', '<5.2 mmol/L', '中度升高'),
('rci1-uuid-013', '2022-07-20 15:00:00', '2022-07-20 15:00:00', 'rc1-uuid-002', 'LDL-C', '低密度脂蛋白', '5.0 mmol/L', '<2.6 mmol/L', '中度升高'),
('rci1-uuid-014', '2022-07-20 15:00:00', '2022-07-20 15:00:00', 'rc1-uuid-002', 'HDL-C', '高密度脂蛋白', '0.85 mmol/L', '男性：>1.04 mmol/L；女性：>1.16 mmol/L', '明显降低'),
('rci1-uuid-015', '2022-07-20 15:00:00', '2022-07-20 15:00:00', 'rc1-uuid-002', 'TG', '甘油三酯', '3.2 mmol/L', '<1.7 mmol/L', '中度升高'),
('rci1-uuid-016', '2022-07-20 15:00:00', '2022-07-20 15:00:00', 'rc1-uuid-002', '', '血压测量（收缩压 / 舒张压）', '165/105 mmHg', '<120/80 mmHg;正常高值：120~139/80~89 mmHg', '2 级高血压'),
('rci1-uuid-017', '2022-07-20 15:00:00', '2022-07-20 15:00:00', 'rc1-uuid-002', '2hPG', '餐后 2h 血糖', '9.5 mmol/L', '<7.8 mmol/L', '糖耐量异常'),
('rci1-uuid-018', '2022-07-20 15:00:00', '2022-07-20 15:00:00', 'rc1-uuid-002', '', '尿糖', '弱阳性', '阴性', '轻微异常'),

('rci1-uuid-019', '2023-02-20 22:00:00', '2023-02-20 22:00:00', 'rc1-uuid-003', 'FBG', '空腹血糖', '7.2 mmol/L', '3.9~6.1 mmol/L', '轻度升高'),
('rci1-uuid-020', '2023-02-20 22:00:00', '2023-02-20 22:00:00', 'rc1-uuid-003', 'HbA1c', '糖化血红蛋白', '7.1 %', '4.0~6.0 %', '轻度升高'),
('rci1-uuid-021', '2023-02-20 22:00:00', '2023-02-20 22:00:00', 'rc1-uuid-003', 'TC', '总胆固醇', '5.8 mmol/L', '<5.2 mmol/L', '边缘升高'),
('rci1-uuid-022', '2023-02-20 22:00:00', '2023-02-20 22:00:00', 'rc1-uuid-003', 'LDL-C', '低密度脂蛋白', '3.3 mmol/L', '<2.6 mmol/L', '边缘升高'),
('rci1-uuid-023', '2023-02-20 22:00:00', '2023-02-20 22:00:00', 'rc1-uuid-003', 'HDL-C', '高密度脂蛋白', '1.0 mmol/L', '男性：>1.04 mmol/L；女性：>1.16 mmol/L', '接近达标'),
('rci1-uuid-024', '2023-02-20 22:00:00', '2023-02-20 22:00:00', 'rc1-uuid-003', 'TG', '甘油三酯', '1.9 mmol/L', '<1.7 mmol/L', '边缘升高（未达标但改善）'),
('rci1-uuid-025', '2023-02-20 22:00:00', '2023-02-20 22:00:00', 'rc1-uuid-003', '', '血压测量（收缩压 / 舒张压）', '138/88 mmHg', '<120/80 mmHg;正常高值：120~139/80~89 mmHg', '正常高值'),
('rci1-uuid-026', '2023-02-20 22:00:00', '2023-02-20 22:00:00', 'rc1-uuid-003', '2hPG', '餐后 2h 血糖', '9.8 mmol/L', '<7.8 mmol/L', '轻度升高'),
('rci1-uuid-027', '2023-02-20 22:00:00', '2023-02-20 22:00:00', 'rc1-uuid-003', '', '尿糖', '阳性（+）', '阴性', '轻微异常'),

('rci1-uuid-028', '2023-10-12 21:00:00', '2023-10-12 21:00:00', 'rc1-uuid-004', 'FBG', '空腹血糖', '7.0 mmol/L', '3.9~6.1 mmol/L', '达标上限'),
('rci1-uuid-029', '2023-10-12 21:00:00', '2023-10-12 21:00:00', 'rc1-uuid-004', 'HbA1c', '糖化血红蛋白', '7.0 %', '4.0~6.0 %', '达标上限）'),
('rci1-uuid-030', '2023-10-12 21:00:00', '2023-10-12 21:00:00', 'rc1-uuid-004', 'TC', '总胆固醇', '4.3 mmol/L', '<5.2 mmol/L', '完全达标'),
('rci1-uuid-031', '2023-10-12 21:00:00', '2023-10-12 21:00:00', 'rc1-uuid-004', 'LDL-C', '低密度脂蛋白', '1.7 mmol/L', '<2.6 mmol/L', '完全达标'),
('rci1-uuid-032', '2023-10-12 21:00:00', '2023-10-12 21:00:00', 'rc1-uuid-004', 'HDL-C', '高密度脂蛋白', '1.1 mmol/L', '男性：>1.04 mmol/L；女性：>1.16 mmol/L', '完全达标'),
('rci1-uuid-033', '2023-10-12 21:00:00', '2023-10-12 21:00:00', 'rc1-uuid-004', 'TG', '甘油三酯', '1.5 mmol/L', '<1.7 mmol/L', '完全达标'),
('rci1-uuid-034', '2023-10-12 21:00:00', '2023-10-12 21:00:00', 'rc1-uuid-004', '', '血压测量（收缩压 / 舒张压）', '128/78 mmHg', '<120/80 mmHg;正常高值：120~139/80~89 mmHg', '完全达标'),
('rci1-uuid-035', '2023-10-12 21:00:00', '2023-10-12 21:00:00', 'rc1-uuid-004', '2hPG', '餐后 2h 血糖', '9.5 mmol/L', '<7.8 mmol/L', '接近达标'),
('rci1-uuid-036', '2023-10-12 21:00:00', '2023-10-12 21:00:00', 'rc1-uuid-004', '', '尿糖', '阴性（-）', '阴性', '完全达标'),
			 
('rci1-uuid-037', '2025-03-10 21:30:00', '2025-03-10 21:30:00', 'rc1-uuid-005', 'HbA1c', '糖化血红蛋白', '6.2 %', '4.0~6.0 %', '糖尿病前期'),
('rci1-uuid-038', '2025-03-10 21:30:00', '2025-03-10 21:30:00', 'rc1-uuid-005', 'TC', '总胆固醇', '5.9 mmol/L', '<5.2 mmol/L', '边缘升高'),
('rci1-uuid-039', '2025-03-10 21:30:00', '2025-03-10 21:30:00', 'rc1-uuid-005', 'LDL-C', '低密度脂蛋白', '3.6 mmol/L', '<2.6 mmol/L', '升高'),
('rci1-uuid-040', '2025-03-10 21:30:00', '2025-03-10 21:30:00', 'rc1-uuid-005', 'HDL-C', '高密度脂蛋白', '0.98 mmol/L', '男性：>1.04 mmol/L；女性：>1.16 mmol/L', '降低'),
('rci1-uuid-041', '2025-03-10 21:30:00', '2025-03-10 21:30:00', 'rc1-uuid-005', 'TG', '甘油三酯', '2.1 mmol/L', '<1.7 mmol/L', '边缘升高'),
('rci1-uuid-042', '2025-03-10 21:30:00', '2025-03-10 21:30:00', 'rc1-uuid-005', '', '血压测量（收缩压 / 舒张压）', '135/85 mmHg', '<120/80 mmHg;正常高值：120~139/80~89 mmHg', '高血压前期'),
('rci1-uuid-043', '2023-10-12 21:00:00', '2023-10-12 21:00:00', 'rc1-uuid-004', 'FBG', '空腹血糖', '6.3 mmol/L', '<7.8 mmol/L', '空腹血糖受损'),
('rci1-uuid-044', '2023-10-12 21:00:00', '2023-10-12 21:00:00', 'rc1-uuid-004', '2hPG', '餐后 2h 血糖', '8.9 mmol/L', '3.9~6.1 mmol/L', '糖耐量异常'),
('rci1-uuid-045', '2025-03-10 21:30:00', '2025-03-10 21:30:00', 'rc1-uuid-005', 'HOMA-IR', '胰岛素抵抗指数', '2.8', '< 2.6', '胰岛素抵抗'),
('rci1-uuid-046', '2025-03-10 21:30:00', '2025-03-10 21:30:00', 'rc1-uuid-005', 'UA', '血尿酸', '430 μmol/L', '男性 < 420；女性 < 360', '升高'),
('rci1-uuid-047', '2025-03-10 21:30:00', '2025-03-10 21:30:00', 'rc1-uuid-005', '', '尿糖', '阴性（-）', '阴性', '正常'),

('rci1-uuid-048', '2023-01-12 10:30:00', '2023-01-12 10:30:00', 'rc1-uuid-006', 'HbA1c', '糖化血红蛋白', '6.3 %', '4.0~6.0 %', '糖尿病前期'),
('rci1-uuid-049', '2023-01-12 10:30:00', '2023-01-12 10:30:00', 'rc1-uuid-006', 'TC', '总胆固醇', '5.8 mmol/L', '<5.2 mmol/L', '边缘升高'),
('rci1-uuid-050', '2023-01-12 10:30:00', '2023-01-12 10:30:00', 'rc1-uuid-006', 'LDL-C', '低密度脂蛋白', '3.5 mmol/L', '<2.6 mmol/L', '升高'),
('rci1-uuid-051', '2023-01-12 10:30:00', '2023-01-12 10:30:00', 'rc1-uuid-006', 'HDL-C', '高密度脂蛋白', '0.96 mmol/L', '男性：>1.04 mmol/L；女性：>1.16 mmol/L', '降低'),
('rci1-uuid-052', '2023-01-12 10:30:00', '2023-01-12 10:30:00', 'rc1-uuid-006', 'TG', '甘油三酯', '2.0 mmol/L', '<1.7 mmol/L', '边缘升高'),
('rci1-uuid-053', '2023-01-12 10:30:00', '2023-01-12 10:30:00', 'rc1-uuid-006', '', '血压测量（收缩压 / 舒张压）', '136/86 mmHg', '<120/80 mmHg;正常高值：120~139/80~89 mmHg', '高血压前期'),
('rci1-uuid-054', '2023-01-12 10:30:00', '2023-01-12 10:30:00', 'rc1-uuid-006', 'FBG', '空腹血糖', '6.4 mmol/L', '<7.8 mmol/L', '空腹血糖受损'),
('rci1-uuid-055', '2023-01-12 10:30:00', '2023-01-12 10:30:00', 'rc1-uuid-006', '2hPG', '餐后 2h 血糖', '8.7 mmol/L', '3.9~6.1 mmol/L', '糖耐量异常'),
('rci1-uuid-056', '2023-01-12 10:30:00', '2023-01-12 10:30:00', 'rc1-uuid-006', 'HOMA-IR', '胰岛素抵抗指数', '2.7', '< 2.6', '胰岛素抵抗'),
('rci1-uuid-057', '2023-01-12 10:30:00', '2023-01-12 10:30:00', 'rc1-uuid-006', 'UA', '血尿酸', '425 μmol/L', '男性 < 420；女性 < 360', '高尿酸血症'),
('rci1-uuid-058', '2023-01-12 10:30:00', '2023-01-12 10:30:00', 'rc1-uuid-006', '', '尿糖', '阴性（-）', '阴性', '正常'),

('rci1-uuid-059', '2024-03-18 10:20:00', '2024-03-18 10:20:00', 'rc1-uuid-007', 'FBG', '空腹血糖', '6.2 mmol/L', '3.9~6.1 mmol/L', '临界升高'),
('rci1-uuid-060', '2024-03-18 10:20:00', '2024-03-18 10:20:00', 'rc1-uuid-007', 'HbA1c', '糖化血红蛋白', '6.1', '4.0~6.0 %', '临界升高'),
('rci1-uuid-061', '2024-03-18 10:20:00', '2024-03-18 10:20:00', 'rc1-uuid-007', 'TC', '总胆固醇', '5.8 mmol/L', '<5.2 mmol/L', '边缘升高'),
('rci1-uuid-062', '2024-03-18 10:20:00', '2024-03-18 10:20:00', 'rc1-uuid-007', 'LDL-C', '低密度脂蛋白', '3.5 mmol/L', '<2.6 mmol/L', '偏高'),
('rci1-uuid-063', '2024-03-18 10:20:00', '2024-03-18 10:20:00', 'rc1-uuid-007', 'HDL-C', '高密度脂蛋白', '1.02 mmol/L', '男性：>1.04 mmol/L；女性：>1.16 mmol/L', '偏低'),
('rci1-uuid-064', '2024-03-18 10:20:00', '2024-03-18 10:20:00', 'rc1-uuid-007', 'TG', '甘油三酯', '1.8 mmol/L', '<1.7 mmol/L', '边缘升高'),
('rci1-uuid-065', '2024-03-18 10:20:00', '2024-03-18 10:20:00', 'rc1-uuid-007', '', '血压测量（收缩压 / 舒张压）', '132/84 mmHg', '<120/80 mmHg;正常高值：120~139/80~89 mmHg', '正常高值'),
('rci1-uuid-066', '2024-03-18 10:20:00', '2024-03-18 10:20:00', 'rc1-uuid-007', '2hPG', '餐后 2h 血糖', '8.2 mmol/L', '<7.8 mmol/L', ''),
('rci1-uuid-067', '2024-03-18 10:20:00', '2024-03-18 10:20:00', 'rc1-uuid-007', '', '尿糖', '阴性（-）', '阴性', '正常');