-- MySQL dump 10.13  Distrib 8.0.43, for Linux (x86_64)
--
-- Host: 127.0.0.1    Database: test
-- ------------------------------------------------------
-- Server version	8.0.11-TiDB-v8.5.3

/*!40101 SET @OLD_CHARACTER_SET_CLIENT=@@CHARACTER_SET_CLIENT */;
/*!40101 SET @OLD_CHARACTER_SET_RESULTS=@@CHARACTER_SET_RESULTS */;
/*!40101 SET @OLD_COLLATION_CONNECTION=@@COLLATION_CONNECTION */;
/*!50503 SET NAMES utf8mb4 */;
/*!40103 SET @OLD_TIME_ZONE=@@TIME_ZONE */;
/*!40103 SET TIME_ZONE='+00:00' */;
/*!40014 SET @OLD_UNIQUE_CHECKS=@@UNIQUE_CHECKS, UNIQUE_CHECKS=0 */;
/*!40014 SET @OLD_FOREIGN_KEY_CHECKS=@@FOREIGN_KEY_CHECKS, FOREIGN_KEY_CHECKS=0 */;
/*!40101 SET @OLD_SQL_MODE=@@SQL_MODE, SQL_MODE='NO_AUTO_VALUE_ON_ZERO' */;
/*!40111 SET @OLD_SQL_NOTES=@@SQL_NOTES, SQL_NOTES=0 */;

--
-- Dumping data for table `check_files`
--

LOCK TABLES `check_files` WRITE;
/*!40000 ALTER TABLE `check_files` DISABLE KEYS */;
INSERT INTO `check_files` VALUES ('cf1-uuid-001','2024-08-20 22:15:00.000','2024-08-20 22:15:00.000',NULL,'ic1-uuid-001','ecg_20240820_p1.dcm','dcm',81920,'test_md51','oss://medical/checks/ecg/ecg_20240820_p1.dcm','心电图原始文件','2024-08-20 22:15:00.000'),('cf1-uuid-002','2024-08-20 22:16:00.000','2024-08-20 22:16:00.000',NULL,'ic1-uuid-001','ecg_report_20240820_p1.pdf','pdf',20480,'test-md52','oss://medical/checks/ecg/ecg_report_20240820_p1.pdf','心电图诊断报告','2024-08-20 22:16:00.000');
/*!40000 ALTER TABLE `check_files` ENABLE KEYS */;
UNLOCK TABLES;

--
-- Dumping data for table `diagnoses`
--

LOCK TABLES `diagnoses` WRITE;
/*!40000 ALTER TABLE `diagnoses` DISABLE KEYS */;
INSERT INTO `diagnoses` VALUES ('d1-uuid-001','2024-02-10 10:00:00.000','2024-02-10 10:00:00.000',NULL,'v1-uuid-001','流行性感冒（甲型）',1),('d1-uuid-002','2024-02-10 10:00:00.000','2024-02-10 10:00:00.000',NULL,'v1-uuid-001','原发性高血压（2级）',0),('d1-uuid-003','2024-05-15 15:00:00.000','2024-05-15 15:00:00.000',NULL,'v1-uuid-002','社区获得性肺炎',1),('d1-uuid-004','2024-05-15 15:00:00.000','2024-05-15 15:00:00.000',NULL,'v1-uuid-002','原发性高血压（2级）',0),('d1-uuid-005','2024-08-20 22:00:00.000','2024-08-20 22:00:00.000',NULL,'v1-uuid-003','高血压急症',1),('d1-uuid-006','2024-09-05 11:00:00.000','2024-09-05 11:00:00.000',NULL,'v1-uuid-004','急性胆囊炎伴胆囊结石',1),('d1-uuid-007','2024-09-05 11:00:00.000','2024-09-05 11:00:00.000',NULL,'v1-uuid-004','原发性高血压（2级）',0),('d2-uuid-001','2024-03-05 11:00:00.000','2024-03-05 11:00:00.000',NULL,'v2-uuid-001','急性肠胃炎（细菌性）',1),('d2-uuid-002','2024-07-12 16:00:00.000','2024-07-12 16:00:00.000',NULL,'v2-uuid-002','急性化脓性扁桃体炎',1),('d2-uuid-003','2024-10-18 15:00:00.000','2024-10-18 15:00:00.000',NULL,'v2-uuid-003','急性荨麻疹（过敏性）',1);
/*!40000 ALTER TABLE `diagnoses` ENABLE KEYS */;
UNLOCK TABLES;

--
-- Dumping data for table `image_checks`
--

LOCK TABLES `image_checks` WRITE;
/*!40000 ALTER TABLE `image_checks` DISABLE KEYS */;
INSERT INTO `image_checks` VALUES ('ic1-uuid-001','2024-08-20 22:10:00.000','2024-08-20 22:10:00.000',NULL,'vc1-uuid-005','窦性心动过速，心率95次/分，无明显ST-T段改变','赵医生');
/*!40000 ALTER TABLE `image_checks` ENABLE KEYS */;
UNLOCK TABLES;

--
-- Dumping data for table `patients`
--

LOCK TABLES `patients` WRITE;
/*!40000 ALTER TABLE `patients` DISABLE KEYS */;
INSERT INTO `patients` VALUES ('p1-uuid-001','2024-01-01 00:00:00.000','2024-01-01 00:00:00.000',NULL,'u202500001','MR20240001','张三','男','1980-01-01 00:00:00.000','1101011979XXXX1234','13800138001','北京市朝阳区XX路','头孢类抗生素过敏','高血压3年，规律口服硝苯地平缓释片',NULL,NULL),('p2-uuid-002','2024-01-01 00:00:00.000','2024-01-01 00:00:00.000',NULL,'u202500002','MR20240002','李四','女','1993-01-01 00:00:00.000','3101011992XXXX5678','13900139002','上海市浦东新区XX路','无','无慢性病史',NULL,NULL);
/*!40000 ALTER TABLE `patients` ENABLE KEYS */;
UNLOCK TABLES;

--
-- Dumping data for table `prescription_drugs`
--

LOCK TABLES `prescription_drugs` WRITE;
/*!40000 ALTER TABLE `prescription_drugs` DISABLE KEYS */;
INSERT INTO `prescription_drugs` VALUES ('pd1-uuid-001','2024-02-10 10:30:00.000','2024-02-10 10:30:00.000',NULL,'pres1-uuid-001','奥司他韦胶囊','75mg/粒','1粒','每日2次','5天',10,'口服'),('pd1-uuid-002','2024-02-10 10:30:00.000','2024-02-10 10:30:00.000',NULL,'pres1-uuid-001','布洛芬缓释胶囊','0.3g/粒','1粒','体温≥38.5℃时服用','3天',6,'口服'),('pd1-uuid-003','2024-05-15 15:30:00.000','2024-05-15 15:30:00.000',NULL,'pres1-uuid-002','左氧氟沙星片','0.5g/片','1片','每日1次','7天',7,'口服'),('pd1-uuid-004','2024-05-15 15:30:00.000','2024-05-15 15:30:00.000',NULL,'pres1-uuid-002','氨溴索口服溶液','10ml/支','1支','每日3次','7天',21,'口服'),('pd1-uuid-005','2024-08-20 22:30:00.000','2024-08-20 22:30:00.000',NULL,'pres1-uuid-003','硝酸甘油注射液','5mg/1ml','5mg','静脉滴注','1次',1,'静脉注射'),('pd1-uuid-006','2024-08-20 22:30:00.000','2024-08-20 22:30:00.000',NULL,'pres1-uuid-003','缬沙坦氨氯地平片','80mg/5mg/片','1片','每日1次','30天',30,'口服'),('pd1-uuid-007','2024-09-05 11:30:00.000','2024-09-05 11:30:00.000',NULL,'pres1-uuid-004','左氧氟沙星片','0.5g/片','1片','每日1次','7天',7,'口服'),('pd1-uuid-008','2024-09-05 11:30:00.000','2024-09-05 11:30:00.000',NULL,'pres1-uuid-004','甲硝唑片','0.2g/片','2片','每日2次','7天',28,'口服'),('pd1-uuid-009','2024-09-05 11:30:00.000','2024-09-05 11:30:00.000',NULL,'pres1-uuid-004','山莨菪碱片','10mg/片','1片','每日3次','3天',9,'口服'),('pd2-uuid-001','2024-03-05 11:30:00.000','2024-03-05 11:30:00.000',NULL,'pres2-uuid-001','诺氟沙星胶囊','0.1g/粒','4粒','每日2次','3天',24,'口服'),('pd2-uuid-002','2024-03-05 11:30:00.000','2024-03-05 11:30:00.000',NULL,'pres2-uuid-001','蒙脱石散','3g/袋','1袋','每日3次','3天',9,'口服'),('pd2-uuid-003','2024-03-05 11:30:00.000','2024-03-05 11:30:00.000',NULL,'pres2-uuid-001','口服补液盐Ⅲ','5.125g/袋','1袋','每日3次','3天',9,'口服'),('pd2-uuid-004','2024-07-12 16:30:00.000','2024-07-12 16:30:00.000',NULL,'pres2-uuid-002','阿莫西林克拉维酸钾片','0.375g/片','1片','每日3次','5天',15,'口服'),('pd2-uuid-005','2024-07-12 16:30:00.000','2024-07-12 16:30:00.000',NULL,'pres2-uuid-002','布洛芬缓释胶囊','0.3g/粒','1粒','体温≥38.5℃时服用','3天',6,'口服'),('pd2-uuid-006','2024-07-12 16:30:00.000','2024-07-12 16:30:00.000',NULL,'pres2-uuid-002','开喉剑喷雾剂','15ml/瓶','2喷','每日3次','5天',1,'外用'),('pd2-uuid-007','2024-10-18 15:30:00.000','2024-10-18 15:30:00.000',NULL,'pres2-uuid-003','西替利嗪片','10mg/片','1片','每日1次','3天',3,'口服'),('pd2-uuid-008','2024-10-18 15:30:00.000','2024-10-18 15:30:00.000',NULL,'pres2-uuid-003','炉甘石洗剂','100ml/瓶','适量','每日3次','3天',1,'外用');
/*!40000 ALTER TABLE `prescription_drugs` ENABLE KEYS */;
UNLOCK TABLES;

--
-- Dumping data for table `prescriptions`
--

LOCK TABLES `prescriptions` WRITE;
/*!40000 ALTER TABLE `prescriptions` DISABLE KEYS */;
INSERT INTO `prescriptions` VALUES ('pres1-uuid-001','2024-02-10 10:30:00.000','2024-02-10 10:30:00.000',NULL,'v1-uuid-001','2024-02-10 10:30:00.000','西药'),('pres1-uuid-002','2024-05-15 15:30:00.000','2024-05-15 15:30:00.000',NULL,'v1-uuid-002','2024-05-15 15:30:00.000','西药'),('pres1-uuid-003','2024-08-20 22:30:00.000','2024-08-20 22:30:00.000',NULL,'v1-uuid-003','2024-08-20 22:30:00.000','西药'),('pres1-uuid-004','2024-09-05 11:30:00.000','2024-09-05 11:30:00.000',NULL,'v1-uuid-004','2024-09-05 11:30:00.000','西药'),('pres2-uuid-001','2024-03-05 11:30:00.000','2024-03-05 11:30:00.000',NULL,'v2-uuid-001','2024-03-05 11:30:00.000','西药'),('pres2-uuid-002','2024-07-12 16:30:00.000','2024-07-12 16:30:00.000',NULL,'v2-uuid-002','2024-07-12 16:30:00.000','西药'),('pres2-uuid-003','2024-10-18 15:30:00.000','2024-10-18 15:30:00.000',NULL,'v2-uuid-003','2024-10-18 15:30:00.000','西药');
/*!40000 ALTER TABLE `prescriptions` ENABLE KEYS */;
UNLOCK TABLES;

--
-- Dumping data for table `routine_check_items`
--

LOCK TABLES `routine_check_items` WRITE;
/*!40000 ALTER TABLE `routine_check_items` DISABLE KEYS */;
INSERT INTO `routine_check_items` VALUES ('rci1-uuid-001','2024-02-10 10:00:00.000','2024-02-10 10:00:00.000',NULL,'rc1-uuid-001','WBC','白细胞计数','3.2×10⁹/L','4.0-10.0×10⁹/L','↓'),('rci1-uuid-002','2024-02-10 10:00:00.000','2024-02-10 10:00:00.000',NULL,'rc1-uuid-001','NEUT%','中性粒细胞比例','40%','50%-70%','↓'),('rci1-uuid-003','2024-02-10 10:00:00.000','2024-02-10 10:00:00.000',NULL,'rc1-uuid-001','LYMPH%','淋巴细胞比例','45%','20%-40%','↑'),('rci1-uuid-004','2024-02-10 10:00:00.000','2024-02-10 10:00:00.000',NULL,'rc1-uuid-001','HGB','血红蛋白','135g/L','120-160g/L',''),('rci1-uuid-005','2024-05-15 15:00:00.000','2024-05-15 15:00:00.000',NULL,'rc1-uuid-002','WBC','白细胞计数','12.5×10⁹/L','4.0-10.0×10⁹/L','↑'),('rci1-uuid-006','2024-05-15 15:00:00.000','2024-05-15 15:00:00.000',NULL,'rc1-uuid-002','NEUT%','中性粒细胞比例','78%','50%-70%','↑'),('rci1-uuid-007','2024-05-15 15:00:00.000','2024-05-15 15:00:00.000',NULL,'rc1-uuid-002','LYMPH%','淋巴细胞比例','15%','20%-40%','↓'),('rci1-uuid-008','2024-05-15 15:00:00.000','2024-05-15 15:00:00.000',NULL,'rc1-uuid-002','PLT','血小板计数','230×10⁹/L','100-300×10⁹/L',''),('rci1-uuid-009','2024-05-15 15:10:00.000','2024-05-15 15:10:00.000',NULL,'rc1-uuid-003','K','钾','3.9mmol/L','3.5-5.5mmol/L',''),('rci1-uuid-010','2024-05-15 15:10:00.000','2024-05-15 15:10:00.000',NULL,'rc1-uuid-003','Na','钠','138mmol/L','135-145mmol/L',''),('rci1-uuid-011','2024-05-15 15:10:00.000','2024-05-15 15:10:00.000',NULL,'rc1-uuid-003','Cr','肌酐','78μmol/L','53-106μmol/L',''),('rci1-uuid-012','2024-05-15 15:10:00.000','2024-05-15 15:10:00.000',NULL,'rc1-uuid-003','BUN','尿素氮','4.2mmol/L','3.2-7.1mmol/L',''),('rci1-uuid-013','2024-08-20 22:00:00.000','2024-08-20 22:00:00.000',NULL,'rc1-uuid-004','K','钾','3.8mmol/L','3.5-5.5mmol/L',''),('rci1-uuid-014','2024-08-20 22:00:00.000','2024-08-20 22:00:00.000',NULL,'rc1-uuid-004','Na','钠','140mmol/L','135-145mmol/L',''),('rci1-uuid-015','2024-08-20 22:00:00.000','2024-08-20 22:00:00.000',NULL,'rc1-uuid-004','Cl','氯','102mmol/L','96-106mmol/L',''),('rci1-uuid-016','2024-08-20 22:00:00.000','2024-08-20 22:00:00.000',NULL,'rc1-uuid-004','Ca','钙','2.3mmol/L','2.1-2.6mmol/L',''),('rci1-uuid-017','2024-09-05 11:00:00.000','2024-09-05 11:00:00.000',NULL,'rc1-uuid-006','WBC','白细胞计数','14.2×10⁹/L','4.0-10.0×10⁹/L','↑'),('rci1-uuid-018','2024-09-05 11:00:00.000','2024-09-05 11:00:00.000',NULL,'rc1-uuid-006','NEUT%','中性粒细胞比例','82%','50%-70%','↑'),('rci1-uuid-019','2024-09-05 11:00:00.000','2024-09-05 11:00:00.000',NULL,'rc1-uuid-006','LYMPH%','淋巴细胞比例','12%','20%-40%','↓'),('rci2-uuid-001','2024-03-05 11:00:00.000','2024-03-05 11:00:00.000',NULL,'rc2-uuid-001','WBC','白细胞计数','8.5×10⁹/L','4.0-10.0×10⁹/L',''),('rci2-uuid-002','2024-03-05 11:00:00.000','2024-03-05 11:00:00.000',NULL,'rc2-uuid-001','NEUT%','中性粒细胞比例','65%','50%-70%',''),('rci2-uuid-003','2024-03-05 11:00:00.000','2024-03-05 11:00:00.000',NULL,'rc2-uuid-001','LYMPH%','淋巴细胞比例','30%','20%-40%',''),('rci2-uuid-004','2024-03-05 11:05:00.000','2024-03-05 11:05:00.000',NULL,'rc2-uuid-002','STool-WBC','粪便白细胞','+','阴性','↑'),('rci2-uuid-005','2024-03-05 11:05:00.000','2024-03-05 11:05:00.000',NULL,'rc2-uuid-002','STool-RBC','粪便红细胞','0/HP','阴性',''),('rci2-uuid-006','2024-03-05 11:05:00.000','2024-03-05 11:05:00.000',NULL,'rc2-uuid-002','STool-OB','粪便潜血','阴性','阴性',''),('rci2-uuid-007','2024-07-12 16:00:00.000','2024-07-12 16:00:00.000',NULL,'rc2-uuid-003','WBC','白细胞计数','13.2×10⁹/L','4.0-10.0×10⁹/L','↑'),('rci2-uuid-008','2024-07-12 16:00:00.000','2024-07-12 16:00:00.000',NULL,'rc2-uuid-003','NEUT%','中性粒细胞比例','80%','50%-70%','↑'),('rci2-uuid-009','2024-07-12 16:00:00.000','2024-07-12 16:00:00.000',NULL,'rc2-uuid-003','LYMPH%','淋巴细胞比例','12%','20%-40%','↓'),('rci2-uuid-010','2024-07-12 16:00:00.000','2024-07-12 16:00:00.000',NULL,'rc2-uuid-003','HGB','血红蛋白','128g/L','110-150g/L',''),('rci2-uuid-011','2024-10-18 15:00:00.000','2024-10-18 15:00:00.000',NULL,'rc2-uuid-004','WBC','白细胞计数','6.8×10⁹/L','4.0-10.0×10⁹/L',''),('rci2-uuid-012','2024-10-18 15:00:00.000','2024-10-18 15:00:00.000',NULL,'rc2-uuid-004','EO%','嗜酸性粒细胞比例','8%','0.5%-5%','↑'),('rci2-uuid-013','2024-10-18 15:00:00.000','2024-10-18 15:00:00.000',NULL,'rc2-uuid-004','HGB','血红蛋白','129g/L','110-150g/L','');
/*!40000 ALTER TABLE `routine_check_items` ENABLE KEYS */;
UNLOCK TABLES;

--
-- Dumping data for table `routine_checks`
--

LOCK TABLES `routine_checks` WRITE;
/*!40000 ALTER TABLE `routine_checks` DISABLE KEYS */;
INSERT INTO `routine_checks` VALUES ('rc1-uuid-001','2024-02-10 10:00:00.000','2024-02-10 10:00:00.000',NULL,'vc1-uuid-001','白细胞及中性粒细胞降低，淋巴细胞升高，符合病毒性感染表现','刘化验师'),('rc1-uuid-002','2024-05-15 15:00:00.000','2024-05-15 15:00:00.000',NULL,'vc1-uuid-002','白细胞及中性粒细胞升高，提示细菌感染','刘化验师'),('rc1-uuid-003','2024-05-15 15:10:00.000','2024-05-15 15:10:00.000',NULL,'vc1-uuid-003','电解质及肾功能指标均在正常范围，无明显异常','张化验师'),('rc1-uuid-004','2024-08-20 22:00:00.000','2024-08-20 22:00:00.000',NULL,'vc1-uuid-004','钾、钠、氯等电解质指标正常，肾功能无异常','张化验师'),('rc1-uuid-006','2024-09-05 11:00:00.000','2024-09-05 11:00:00.000',NULL,'vc1-uuid-005','白细胞及中性粒细胞显著升高，提示细菌感染','刘化验师'),('rc2-uuid-001','2024-03-05 11:00:00.000','2024-03-05 11:00:00.000',NULL,'vc2-uuid-001','血常规指标基本正常，无明显感染迹象','刘化验师'),('rc2-uuid-002','2024-03-05 11:05:00.000','2024-03-05 11:05:00.000',NULL,'vc2-uuid-002','粪便中可见白细胞，提示肠道细菌感染','张化验师'),('rc2-uuid-003','2024-07-12 16:00:00.000','2024-07-12 16:00:00.000',NULL,'vc2-uuid-003','白细胞及中性粒细胞显著升高，符合化脓性感染表现','刘化验师'),('rc2-uuid-004','2024-10-18 15:00:00.000','2024-10-18 15:00:00.000',NULL,'vc2-uuid-004','嗜酸性粒细胞比例升高，符合过敏性疾病表现','刘化验师');
/*!40000 ALTER TABLE `routine_checks` ENABLE KEYS */;
UNLOCK TABLES;

--
-- Dumping data for table `visit_checks`
--

LOCK TABLES `visit_checks` WRITE;
/*!40000 ALTER TABLE `visit_checks` DISABLE KEYS */;
INSERT INTO `visit_checks` VALUES ('vc1-uuid-001','2024-02-10 09:40:00.000','2024-02-10 10:00:00.000',NULL,'v1-uuid-001','routine','2024-02-10 09:40:00.000','王医生','2024-02-10 09:50:00.000','2024-02-10 10:00:00.000'),('vc1-uuid-002','2024-05-15 14:40:00.000','2024-05-15 15:00:00.000',NULL,'v1-uuid-002','routine','2024-05-15 14:40:00.000','李医生','2024-05-15 14:50:00.000','2024-05-15 15:00:00.000'),('vc1-uuid-003','2024-05-15 14:45:00.000','2024-05-15 15:10:00.000',NULL,'v1-uuid-002','routine','2024-05-15 14:45:00.000','李医生','2024-05-15 14:55:00.000','2024-05-15 15:10:00.000'),('vc1-uuid-004','2024-08-20 21:40:00.000','2024-08-20 22:00:00.000',NULL,'v1-uuid-003','routine','2024-08-20 21:40:00.000','张医生','2024-08-20 21:50:00.000','2024-08-20 22:00:00.000'),('vc1-uuid-005','2024-08-20 21:40:00.000','2024-08-20 22:00:00.000',NULL,'v1-uuid-003','image','2024-08-20 21:40:00.000','张医生','2024-08-20 21:50:00.000','2024-08-20 22:00:00.000'),('vc1-uuid-006','2024-09-05 10:40:00.000','2024-09-05 11:00:00.000',NULL,'v1-uuid-004','routine','2024-09-05 10:40:00.000','赵医生','2024-09-05 10:50:00.000','2024-09-05 11:00:00.000'),('vc2-uuid-001','2024-03-05 10:40:00.000','2024-03-05 11:00:00.000',NULL,'v2-uuid-001','routine','2024-03-05 10:40:00.000','刘医生','2024-03-05 10:50:00.000','2024-03-05 11:00:00.000'),('vc2-uuid-002','2024-03-05 10:45:00.000','2024-03-05 11:05:00.000',NULL,'v2-uuid-001','routine','2024-03-05 10:45:00.000','刘医生','2024-03-05 10:55:00.000','2024-03-05 11:05:00.000'),('vc2-uuid-003','2024-07-12 15:40:00.000','2024-07-12 16:00:00.000',NULL,'v2-uuid-002','routine','2024-07-12 15:40:00.000','陈医生','2024-07-12 15:50:00.000','2024-07-12 16:00:00.000'),('vc2-uuid-004','2024-10-18 14:40:00.000','2024-10-18 15:00:00.000',NULL,'v2-uuid-003','routine','2024-10-18 14:40:00.000','孙医生','2024-10-18 14:50:00.000','2024-10-18 15:00:00.000');
/*!40000 ALTER TABLE `visit_checks` ENABLE KEYS */;
UNLOCK TABLES;

--
-- Dumping data for table `visits`
--

LOCK TABLES `visits` WRITE;
/*!40000 ALTER TABLE `visits` DISABLE KEYS */;
INSERT INTO `visits` VALUES ('v1-uuid-001','2024-02-10 09:00:00.000','2024-02-10 09:00:00.000',NULL,'p1-uuid-001','北京协和医院','门诊','呼吸科','王医生','2024-02-10 09:30:00.000','发热、肌肉酸痛2天，体温39.2℃','2天前受凉后出现发热，伴全身肌肉酸痛、咽痛，无咳嗽咳痰，自行口服布洛芬退热效果不佳','血常规：白细胞3.2×10⁹/L（↓），淋巴细胞45%（↑）','1. 抗病毒治疗：口服奥司他韦；2. 对症治疗：布洛芬退热；3. 支持治疗：多饮水、休息'),('v1-uuid-002','2024-05-15 14:00:00.000','2024-05-15 14:00:00.000',NULL,'p1-uuid-001','北京协和医院','门诊','呼吸科','李医生','2024-05-15 14:30:00.000','咳嗽、咳黄痰1周，加重伴发热3天','1周前感冒后出现咳嗽，咳少量白痰，3天前症状加重，咳黄痰，伴发热（体温38.8℃），无胸痛呼吸困难','血常规：白细胞12.5×10⁹/L（↑），中性粒细胞78%（↑）；胸片：右肺中叶炎症浸润影','1. 抗感染治疗：口服左氧氟沙星（避免头孢）；2. 对症治疗：氨溴索祛痰；3. 控制基础病：继续口服降压药'),('v1-uuid-003','2024-08-20 21:00:00.000','2024-08-20 21:00:00.000',NULL,'p1-uuid-001','北京协和医院','急诊','心内科','张医生','2024-08-20 21:30:00.000','头痛、头晕1小时，测血压190/110mmHg','1小时前情绪激动后出现头痛头晕，伴心慌，无恶心呕吐，自行测血压190/110mmHg，既往高血压病史3年','心电图：窦性心动过速；电解质：钾3.8mmol/L（正常）','1. 紧急降压：静脉滴注硝酸甘油；2. 后续维持：改为口服缬沙坦氨氯地平片；3. 监测生命体征'),('v1-uuid-004','2024-09-05 10:00:00.000','2024-09-05 10:00:00.000',NULL,'p1-uuid-001','北京协和医院','急诊','普外科','赵医生','2024-09-05 10:30:00.000','右上腹疼痛4小时，伴发热、恶心','4小时前进食油腻食物后出现右上腹持续性疼痛，向右肩放射，伴发热（38.6℃）、恶心，无呕吐','血常规：白细胞14.2×10⁹/L（↑），中性粒细胞82%（↑）；腹部B超：胆囊增大，壁增厚，胆囊内泥沙样结石','1. 抗感染：左氧氟沙星（避免头孢）+甲硝唑；2. 解痉止痛：山莨菪碱；3. 禁食补液，控制血压'),('v2-uuid-001','2024-03-05 10:00:00.000','2024-03-05 10:00:00.000',NULL,'p2-uuid-002','上海人民医院','门诊','消化科','刘医生','2024-03-05 10:30:00.000','腹痛、腹泻6小时，伴呕吐2次','6小时前食用不洁食物后出现阵发性腹痛，腹泻4次（稀水样便），呕吐2次（胃内容物），无发热','血常规：白细胞8.5×10⁹/L（正常）；粪便常规：可见白细胞（+）','1. 抗感染治疗：口服诺氟沙星；2. 补液治疗：口服补液盐；3. 对症治疗：蒙脱石散止泻'),('v2-uuid-002','2024-07-12 15:00:00.000','2024-07-12 15:00:00.000',NULL,'p2-uuid-002','上海人民医院','门诊','耳鼻喉科','陈医生','2024-07-12 15:30:00.000','咽痛、发热2天，扁桃体化脓','2天前出现咽痛，逐渐加重，伴发热（体温38.9℃），吞咽时疼痛明显','血常规：白细胞13.2×10⁹/L（↑），中性粒细胞80%（↑）','1. 抗感染治疗：口服阿莫西林克拉维酸钾；2. 对症治疗：布洛芬退热，开喉剑喷雾剂喷喉'),('v2-uuid-003','2024-10-18 14:00:00.000','2024-10-18 14:00:00.000',NULL,'p2-uuid-002','上海人民医院','门诊','皮肤科','孙医生','2024-10-18 14:30:00.000','全身风团、瘙痒2小时','2小时前接触花粉后出现全身散在红色风团，伴剧烈瘙痒，无呼吸困难、腹痛','血常规：嗜酸性粒细胞比例8%（↑），其余指标正常','1. 抗过敏：口服西替利嗪；2. 外用：炉甘石洗剂止痒；3. 避免接触过敏原');
/*!40000 ALTER TABLE `visits` ENABLE KEYS */;
UNLOCK TABLES;
/*!40103 SET TIME_ZONE=@OLD_TIME_ZONE */;

/*!40101 SET SQL_MODE=@OLD_SQL_MODE */;
/*!40014 SET FOREIGN_KEY_CHECKS=@OLD_FOREIGN_KEY_CHECKS */;
/*!40014 SET UNIQUE_CHECKS=@OLD_UNIQUE_CHECKS */;
/*!40101 SET CHARACTER_SET_CLIENT=@OLD_CHARACTER_SET_CLIENT */;
/*!40101 SET CHARACTER_SET_RESULTS=@OLD_CHARACTER_SET_RESULTS */;
/*!40101 SET COLLATION_CONNECTION=@OLD_COLLATION_CONNECTION */;
/*!40111 SET SQL_NOTES=@OLD_SQL_NOTES */;

-- Dump completed on 2025-11-04 19:00:37
